,count
:,37
Data,35
and,28
données,21
Vous,21
&,17
sein,16
métiers,15
to,14
a,12
the,11
!,11
poste,11
solutions,11
?,11
-,11
plus,11
in,10
travail,10
data,10
mise,9
our,9
collaborateurs,9
développer,9
place,9
développement,8
d’Air,8
l’ensemble,8
Nous,8
services,8
France,8
of,8
À,7
produits,7
expérience,7
Cloud,7
propos,7
with,7
charge,7
d’emploi,7
/,7
outils,7
compétences,7
l’offre,7
équipes,7
robots,6
Et,6
bonne,6
technique,6
Une,6
leader,6
Accor,6
monde,6
bien,6
techniques,6
Description,6
»,5
Engineer,5
mettre,5
«,5
Au,5
projets,5
groupe,5
De,5
environnement,5
unique,5
Big,5
aussi,5
culture,5
for,5
création,5
afin,5
grâce,5
personnes,5
Le,5
santé,5
toutes,4
Localisation,4
Type,4
Vos,4
avantages,4
responsabilité,4
notamment,4
main,4
permettant,4
"qualité,",4
challenges,4
vie,4
tout,4
recherché,4
work,4
"données,",4
Profil,4
équipe,4
d’un,4
that,4
bases,4
maintenance,4
besoins,4
différents,4
comme,4
ans,4
formation,4
valeur,4
"Accor,",4
forte,4
entreprise,4
entre,4
millions,4
Air,4
permettre,4
apprendre,4
partir,4
Systèmes,4
département,4
talents,4
500,4
4,3
communication,3
machine,3
via,3
dont,3
Notre,3
Avec,3
l’équipe,3
sous,3
Aldebaran,3
we,3
is,3
AWS,3
patrimoine,3
utilisés,3
"France,",3
responsable,3
missions,3
travailler,3
offrir,3
profils,3
bonnes,3
Analytics,3
Science,3
peut-être,3
d’une,3
c’est,3
Benefits,3
encore,3
continue,3
Ou,3
Groupe,3
emploie,3
En,3
SQL,3
jours,3
possible,3
Requirements,3
contexte,3
chez,3
professionnelle,3
000,3
formations,3
responsabilités,3
Plus,3
stratégie,3
Numberly,3
Withings,3
connaissance,3
France-KLM,3
opérations,3
d'horaires,3
3,3
expertise,3
billets,3
mieux,3
plateforme,3
La,3
déployer,3
traitement,3
nouvelle,3
passagers,3
NAO,3
rôle,3
Recherche,3
cœur,3
clients,3
chacun,3
complexes,3
you,3
programme,3
production,3
savoir,3
be,3
fait,3
We,3
"Withings,",3
prise,3
mission,3
part,3
activités,3
your,3
grande,3
(Python,2
rêver,2
d'informations,2
réaliser,2
40,2
50%,2
transports,2
Les,2
Développement,2
"Python,",2
stack,2
salariés,2
CDI,2
"sport,",2
international,2
français,2
attend,2
each,2
Niveau,2
sécurité,2
min.,2
requis,2
Administratif,2
candidat,2
"pays,",2
Anglais,2
connexions,2
Val,2
base,2
l’accompagnement,2
DE,2
up,2
l’heure,2
GAULLE,2
CEDEX,2
certification,2
expériences,2
respect,2
ROISSY,2
tant,2
contrôle,2
aujourd’hui,2
digitales,2
Métier,2
santé.,2
DIGITAL,2
CHARLES,2
client,2
administration,2
volumes,2
propose,2
"Ile-de-France,",2
basées,2
prendre,2
AWS.,2
d'Oise,2
vol,2
(95),2
manière,2
soin,2
Site,2
70,2
45,2
rue,2
Paris,2
95747,2
Nos,2
restaurant,2
permettent,2
"priorités,",2
l’exploitation,2
people,2
conception,2
You,2
all,2
positive,2
develop,2
everyone,2
have,2
teams.,2
d’avions,2
l'ensemble,2
intégrerez,2
variés,2
over,2
manipulation,2
databases,2
are,2
"télétravail,",2
different,2
long,2
by,2
Mise,2
développe,2
Pour,2
selon,2
Hadoop,2
Machine,2
Learning,2
pricing,2
large,2
complexité,2
RH,2
technological,2
infrastructure,2
Opérationnelle,2
management,2
richesse,2
connaissez-vous,2
respectant,2
qualités,2
latest,2
minimum,2
personnels,2
centre,2
quotidien,2
documentation,2
their,2
Inventiv,2
événements,2
diversité,2
renforcer,2
professionnels,2
l’Inclusion,2
Academy,2
résoudre,2
"d’entreprise,",2
technologiques,2
réductions,2
nombreux,2
group's,2
nombreuses,2
lors,2
"Management,",2
6,2
l’amélioration,2
Participer,2
through,2
Catégorie,2
l’entreprise,2
Open,2
multiples,2
personnel,2
domaine,2
"Airflow,",2
"GCP,",2
déjà,2
better,2
"nous,",2
Missions,2
ecosystem,2
...)Apache,2
learning,2
d'expérience,2
voyagé,2
fonctionnement,2
œuvre,2
at,2
chacune,2
Présentation,2
Cadre,2
socio-professionnelle,2
accès,2
seules,2
aspire,2
situation,2
share,2
internal,2
meetings,2
contrat,2
Un,2
force,2
"définition,",2
fort,2
fonctionnelle,2
maîtrisez,2
"métiers,",2
passant,2
supervision,2
flotte,2
"destinations,",2
travaux,2
Product,2
véritable,2
transformation,2
250,2
utilisateurs,2
maîtrise,2
décisions,2
Factory,2
également,2
Intitulé,2
profit,2
Mission,2
site,2
l’écrit,2
moins,2
"compétences,",2
Dans,2
"autonome,",2
forces,2
valeurs,2
BI,2
relevant,2
"Factory,",2
etc.),2
lieu,2
d’innovation,2
siège,2
maintenabilité,2
conformité,2
BigData,2
l’analyse,2
conditions,2
qu’à,2
engineer,2
beaucoup,2
analyser,2
compréhension,2
"produits,",2
modélisation,2
parcours,2
veille,2
tests,2
appareils.,2
"quotidien,",2
bienveillance,2
"techno,",2
important,2
"d'analyse,",2
synthèse,2
horizontaleUn,2
data.,2
hiérarchique,2
structure,2
vers,2
"sûr,",2
!Une,2
l’échelle,2
composée,2
Qualifications,2
H/F,2
forfait,2
optimiser,2
problématiques,2
–,2
KLM,2
Ce,2
Que,2
Offrons,2
KLMDes,2
emmenant,2
Master,2
partout,2
vastes,2
point,2
analyse,2
aimez,2
donnée,2
brute,2
décision,2
cette,2
opportunités,2
liberté,2
degré,2
possédez,2
"intelligente,",2
Transformer,2
capacités,2
métier,2
business,1
more,1
consumers',1
growth,1
(configuration,1
responsible,1
help,1
desire,1
marketing:,1
puissions,1
générales,1
"services,",1
KanbanCulture,1
spécifiques,1
éventuels,1
faire,1
handicap.N’hésitez,1
understand,1
équipeBonne,1
considération.,1
Company,1
DevOpsCollaboration,1
puts,1
orale,1
technology,1
écriteAutonomie,1
"terraformage,",1
Scrum,1
Agile,1
méthodologies,1
l’évolution,1
favoriser,1
brands,1
:Connaissances,1
attendues,1
heart,1
d’excellentes,1
etc.)Compétences,1
proactivitéGestion,1
"d’exception,",1
alertes)Connaissances,1
etc.)DevOps,1
choices.,1
équivalent.Au,1
will:,1
As,1
d’ancienneté,1
Job,1
lien,1
organisational,1
maintain,1
domaines,1
technical,1
Analytics.Compétences,1
requises,1
challenge,1
:Modélisation,1
Create,1
"entreprises,",1
consumers,1
Diplômé(e),1
Nurture,1
ScyllaDB).,1
"MongoDB,",1
"(Hive,",1
diverse,1
database,1
"informatique,",1
pipeline,1
to/from,1
transfer,1
"Data,",1
"MIAGE,",1
conseils,1
jobs,1
schémas,1
"proactive,",1
"(ERD,",1
activate,1
opérationnelles,1
analytiquesUtilisation,1
Modern,1
"this,",1
do,1
To,1
Stack,1
"DataVault,",1
"collect,",1
"(Snowflake,",1
"dbt,",1
systems,1
building,1
"Tableau,",1
ouverts,1
architectures,1
RGPD)Connaissances,1
divided,1
into,1
(ex,1
autonomous,1
personnelles,1
réglementations,1
"rejets,",1
(contrôle,1
etc.)Mise,1
"(SQL,",1
"influence,",1
massives,1
etc.)Intégration,1
"Star-schema,",1
"accueillir,",1
primes,1
"l’emploi,",1
"(Voyages,",1
satisfaire,1
quo,1
"Sport,",1
Bien-être,1
#BELIMITLESSDécouvrez,1
"Gourmet,",1
https://careers.accor.com/.,1
Quels,1
Mobilité,1
offre,1
particulièrement,1
univers,1
répartis,1
partenaires,1
FACTORY,1
où,1
envies.Forfait,1
status,1
rime,1
l’abonnement,1
500€.Et,1
marque,1
plafond,1
durable,1
mobilité,1
correspond,1
personnalité.Faites,1
"aimez,",1
douce,1
remboursement,1
domicile,1
prenez,1
"entoure,",1
oser,1
frais,1
challenger,1
l’excellence,1
:Télétravail,1
ambition,1
Indemnités,1
Everywhere,1
:Work,1
d'équipes.,1
dédiées,1
"OKR,",1
Prise,1
d’équipement,1
journalières,1
espaces,1
offertes.Amélioration,1
"hackathons,",1
"l’agilité,",1
partenariats,1
"certifications,",1
Digitech,1
dédiée,1
offert,1
Coworking,1
étendu,1
fonction,1
présence,1
entier.,1
adresses,1
inoubliables,1
séjours,1
/mois,1
"avantages,",1
Heartists,1
rituels,1
ALL,1
!Programme,1
optimize,1
hôteliers,1
rencontre,1
opportunité,1
hôtels.,1
d’Issy,1
Moulineaux,1
trouver,1
Mindset,1
filières,1
Evry,1
2,1
intra,1
présentiel,1
semaine,1
(ajustable).,1
mobilités,1
cooptation,1
perspectives,1
Promoteur,1
engagé,1
ouvrant,1
"d’excellence,",1
catalogue,1
Talent,1
internationalesProgrammes,1
1000€,1
café,1
l’hôtellerie,1
compétences.Notre,1
priorité,1
risques,1
donnant,1
alertesLa,1
différences,1
accueillir,1
:«,1
1500€,1
plus.Anglais,1
opérationnel,1
Diversité,1
requis.Posté,1
engagés,1
bruts.,1
Issy-les-Moulineaux,1
mode,1
development,1
:Learning,1
salle,1
d’entreprise.Un,1
"proposition,",1
conciergerie,1
continue.Curiosité,1
(veille,1
innovation,1
Pourquoi,1
gourmandes,1
(modèle,1
prestations,1
d’entreprise,1
qu’un,1
mondial.,1
"volonté,",1
accueillons,1
pouvez,1
CSE,1
l’erreur.Être,1
accompagne,1
droit,1
Spotify).Encourage,1
"transparence,",1
carrière,1
climat,1
confiance,1
"oublier,",1
Sans,1
familiaux…,1
"Noël,",1
revue,1
"vacances,",1
"Culture,",1
pairs.Culture,1
"feedback,",1
financement,1
"cluster,",1
convivialité,1
distributed,1
commercialisé,1
"mécanique,",1
"(électronique,",1
mobilisent,1
développements,1
Ces,1
services.,1
génération,1
désormais,1
"Pepper,",1
humanoïdes,1
développé,1
mystery,1
avoir,1
Après,1
l'éducation.,1
"tourisme,",1
détail,1
commerce,1
allant,1
"secteurs,",1
divers,1
"inclusion,",1
logiciel),1
R&D.,1
"2022,",1
uni,1
consiste,1
L’objet,1
robot.,1
exploitation,1
process,1
"collecte,",1
destiné,1
DATA,1
intégrera,1
"Cloud,",1
Suzhou.,1
"social,",1
"Paris,",1
bureaux,1
180,1
près,1
actuellement,1
Robotics.,1
United,1
allemand,1
celles,1
Pepper,1
d'interaction,1
sociaux,1
(meal,1
Swile,1
remote.,1
days,1
(working),1
consecutive,1
60,1
wish),1
arranged,1
(to,1
time,1
remote,1
Possibility,1
dress).,1
fancy,1
(often,1
parties,1
classes,1
sports,1
"classes,",1
yoga,1
card,1
vouchers).,1
humanoïdes.,1
Mobility,1
marché,1
référent,1
devenus,1
"2005,",1
Depuis,1
Pepper.,1
emblématiques,1
fabricant,1
"humanoïde,",1
robotique,1
"Europe,",1
Robotics,1
SoftBank,1
nom,1
connu,1
anciennement,1
"Aldebaran,",1
disabilities.,1
welcomes,1
offices.,1
various,1
définir,1
implémenter,1
"data,",1
"(lu,",1
l’anglais,1
nécessaire.Une,1
agiles,1
l'égalité,1
méthodes,1
Scrum\Scrumban,1
pratique,1
fonctionnels.Une,1
"professionnelle,",1
l'automatisation,1
RDSUne,1
"S3,",1
"d'ERG,",1
"Kinesis,",1
"lambda,",1
performance,1
"Glue,",1
",",1
core,1
IOT,1
Compétence,1
(promotion,1
sociale,1
déploiement.,1
"écrit,",1
"directions,",1
célébration,1
séminaires,1
budget,1
"events,",1
(happy,1
preuves,1
bien-être,1
principaux,1
plus.,1
"d'entreprise,",1
restauration,1
internationaux,1
collective,1
fortement,1
environnements,1
agréable...)Un,1
indispensable.Des,1
engagement,1
parlé),1
matière,1
appréciée.,1
d’infrastructure,1
"AWS,",1
sélectionner,1
"KPIdévelopper,",1
visualisation,1
processingintégrer/Développer,1
quantités,1
plan,1
grandes,1
stocker,1
agileagréger,1
méthodologie,1
spécification,1
PoCconcevoir,1
solution,1
d’architectures,1
choix,1
évaluer,1
de:,1
groupe.,1
gèrent,1
ligne,1
supportant,1
"tester,",1
algorithmes,1
technologies,1
répondre,1
requises:,1
suivantes,1
provider,1
Python,1
développeur,1
"fonctions,",1
exécution,1
(CI/CD),1
déploiement,1
outil,1
l’infrastructure,1
utilisateurscontribuer,1
remontés,1
bugs,1
corriger,1
Datainvestiguer,1
fonctionnelles,1
donnéesla,1
analyses,1
besoinsréaliser,1
"lunches,",1
also,1
Operations,1
trafficWant,1
trends,1
source,1
open,1
test,1
languages/technologies,1
new,1
lookout,1
problemsAre,1
prestigious,1
"various,",1
télétravail,1
teas,1
strong,1
encadrée,1
website,1
manage,1
able,1
being,1
detailDream,1
attention,1
pay,1
done,1
before,1
others,1
love,1
following,1
know,1
if,1
Even,1
ScalaGitLinux,1
"Java,",1
"KafkaPython,",1
"ElasticSearch,",1
"ScyllaDB,",1
"(MongoDB,",1
SQLServer)NoSQL,1
"(MySQL,",1
Databases,1
equivalent)SQL,1
or,1
Airflow,1
(Apache,1
SparkETL,1
"HBase,",1
"Impala,",1
"Hive,",1
"(HDFS,",1
well,1
reused…Like,1
"analyzed,",1
them,1
own,1
Suggest,1
techs.,1
talented,1
other,1
many,1
"DevOps,",1
"Scientists,",1
alongside,1
Work,1
Numberly.,1
evolution,1
use,1
ethical,1
efficient,1
concerning,1
making,1
decision,1
postes,1
Participate,1
Storage.,1
try,1
out,1
"calculated,",1
(our,1
"refined,",1
"reworked,",1
"raw,",1
forms:,1
its,1
Like,1
wonderful,1
appropriée,1
filled,1
team,1
multicultural,1
great,1
Join,1
.,1
ScyllaDB),1
Kafka,1
Apache,1
include,1
POCs,1
successful,1
Tous,1
Solutions,1
"(AWS,",1
…)API,1
reflect,1
nationalities,1
30,1
environment,1
an,1
97/100Numberly,1
score,1
equity,1
gender,1
International,1
WeConnect,1
design:,1
Equal,1
Gender,1
player,1
diversity,1
Source.,1
enrichment,1
contribute,1
Internet,1
value,1
create,1
Offices,1
"team,",1
impacts,1
generous,1
herbal,1
"tea,",1
"coffee,",1
kitchen:,1
In,1
bicycles!,1
space,1
pet,1
bringing,1
possibility,1
"composting,",1
worm,1
separation,1
waste,1
"cats,",1
two,1
"studio,",1
music,1
equipped,1
fully,1
"library,",1
activities,1
1000mercis,1
"REST,",1
powerful,1
learning.,1
continuous,1
"field,",1
experts,1
who,1
professionals,1
"talks,",1
weekly,1
transmission:,1
passion,1
"Numberly,",1
At,1
Information,1
Additional,1
…),1
"Celery,",1
"(RabbitMQ,",1
Queuing,1
Message,1
DruidData,1
WebServicesDockerKubernetesApache,1
Fast,1
"onboarding,",1
impact,1
thanks,1
development.,1
participate,1
allows,1
speech,1
freedom,1
cultivate,1
news.,1
bénéfices,1
world,1
handicap)Une,1
around,1
teams,1
together,1
get,1
monthly,1
Meetings:,1
Happy,1
teams;,1
Vis,1
particular,1
'data',1
+,1
enjeux,1
parfaite,1
"connectée,",1
mondiaux,1
leaders,1
pionniers,1
Intégrer,1
l’aventure,1
Rejoindre,1
l’oral,1
"anglais,",1
Maîtrise,1
"on-premise,",1
curiosité...,1
"d'initiatives,",1
"autonomie,",1
"santé…Rigueur,",1
l’utilisation,1
liée,1
"serveurs,",1
physiques,1
contraintes,1
plusieurs,1
fois,1
primé,1
Consumer,1
"sortie,",1
avant,1
bêta-testant,1
Shenzhen,1
Hong-Kong,1
"Boston,",1
"Issy-les-Moulineaux,",1
"120,",1
FrenchTech,1
membre,1
"internationale,",1
évolutionIntégrer,1
constante,1
agile,1
demain,1
ambitieux,1
innovants,1
ShowContribuer,1
Electronic,1
"open-source,",1
API…Appétence,1
montres,1
certain,1
gros,1
l’usage,1
facilite,1
prend,1
révolutionner,1
"innovants,",1
chroniques,1
maladies,1
nombre,1
dépistage,1
"Linux,",1
"prévention,",1
objectif,1
d’utilisateurs.,1
gamme,1
dispositifs,1
tous,1
sommeil,1
moniteurs,1
"tensiomètres,",1
réalité.,1
"cadre,",1
"SQL,",1
informatiques,1
Fortes,1
l’équipeFormer,1
reste,1
(Unix)Soutien,1
virtuelles,1
machines,1
Dagster)Maintenance,1
pipelines,1
Rust)Développement,1
API,1
dbt)Développement,1
(SQL,1
ElasticSearch)Modélisation,1
PostgresSQL,1
(ClickHouse,1
Maintenance,1
suivantes:,1
sessions,1
sportives,1
collèguesBénéficier,1
centraux,1
CAC,1
comptes,1
grands,1
Référencée,1
FACTORY.,1
CLOUD,1
"DATA,",1
"Digital,",1
Entreprise,1
pôles,1
Stock,1
consultants,1
horizontal,1
recherchez,1
clients.,1
différemment,1
d'accompagner,1
l'envie,1
l'humain,1
"40,",1
impliquée,1
phases,1
passionnants,1
pipelinesAssurer,1
donnéesMettre,1
importants,1
traiter,1
conseiller,1
donnéesConcevoir,1
Apporter,1
privée.,1
équilibre,1
apportent,1
flexibilité,1
"carrière,",1
Coach,1
accompagnement,1
"activités,",1
reflet,1
actions,1
IT,1
Rejoignez,1
autour,1
2008,1
créée,1
étudiées,1
candidatures,1
Toutes,1
réussites,1
ensemble,1
célébrer,1
passionnés,1
collègues,1
médicalCollaborer,1
connaissances,1
conférences,1
assistant,1
Med,1
encoreParticiper,1
"sportives,",1
culturelles,1
"choix,",1
ordinateur,1
smartphone,1
"Options,",1
reçues,1
indépendamment,1
découvriez,1
l’origine,1
si,1
candidature.,1
concernant,1
informations,1
Management),1
(RH,1
habilitées,1
candidats,1
chances,1
l’égalité,1
garantir,1
candidats.,1
sexuelle,1
l’orientation,1
"genre,",1
"religion,",1
"croyances,",1
"ethnique,",1
"hybrides,",1
"connectées,",1
leurs,1
portées,1
Cargo.,1
aéronautique,1
"aéroport,",1
sol,1
"aériennes,",1
"commercial,",1
participez,1
"Roissy,",1
l'entreprise.,1
humaines,1
technologique,1
partage,1
"respect,",1
"L'ouverture,",1
ajoutée.,1
l’autonomie,1
favorables,1
ainsi,1
d'importance,1
attachons,1
contribuez,1
"PoCs,",1
l’industrialisation,1
Business,1
Frontend/Backend,1
disposez,1
d’applications.,1
acquis,1
"Ingénieur,",1
niveau,1
diplômé(e),1
KLM.,1
directions,1
étroit,1
contact,1
méthodologique,1
fonctionnel,1
vue,1
accompagnez,1
restitution,1
présentez,1
Visualisation,1
"Intelligence,",1
département.,1
stratégique,1
balances,1
direction,1
main.,1
clés,1
applicatives,1
délivrer,1
captation,1
chaîne,1
toute,1
intervient,1
"d’Information,",1
80,1
conseil,1
"an,",1
104,1
Revenue,1
contribuer,1
peut,1
Comment,1
génèrent,1
qu’ils,1
Développeur,1
"(ETL,",1
"DataLakes,",1
"DataWarehouses,",1
visualisation),1
participerez,1
seulement,1
Mais,1
essaimant,1
vague,1
surfer,1
phares,1
"créerez,",1
l’entreprise.,1
"»,",1
celui,1
vôtre,1
pourquoi,1
tribu.,1
essentiel,1
"ça,",1
Engineering.,1
"(Java,",1
Unix/Linux)Vous,1
"Complément,",1
"rigoureux,",1
brillant!,1
malin,1
"ambitieux,",1
"passionné,",1
"sympathique,",1
communication.,1
"d'écoute,",1
équipe.,1
"curieux,",1
l’oral.,1
Avez,1
"anglaise,",1
langue,1
éventuellement,1
"l’équipe,",1
facilitent,1
conviction,1
"synthèse,",1
esprit,1
Votre,1
résoudreL’opportunité,1
industrielles,1
l’équipeUne,1
d’animation,1
quotidien;,1
facilement,1
utiliser,1
puisse,1
"intuitifs,",1
beaux,1
créer,1
l’obsession,1
individus,1
redonner,1
souhaitons,1
Chez,1
Confirmé),1
(3,1
Langue,1
11/07/2022,1
souhaitée,1
Date,1
vitrine,1
Team.,1
aisément,1
intégrer,1
"(Hadoop,",1
noSQL,1
"Teradata,",1
ergonomieBase,1
design,1
UI,1
Kibana)UX,1
Qlik,1
"PowerBI,",1
"(Spotfire,",1
Datavisualisation,1
Outil,1
Suivants,1
Outils,1
Concepts,1
Des,1
Partie,1
Tout,1
Expérience,1
Connaissance,1
(MongoDB)Environnement,1
"Elasticsearch,",1
permettra,1
Spark,1
"Scrum-Master,",1
oeuvré,1
"Scrum,",1
Kanban,1
organisés,1
participé,1
interne).,1
dispensé,1
engineering,1
reskilling,1
travers,1
s'acquérir,1
pouvant,1
manquantes,1
complémentaires,1
(Ces,1
hybride,1
...)Solutions,1
traitements,1
bons,1
interlocuteurs,1
expertises,1
"Factory""",1
"""Digital",1
regroupé,1
"2021,",1
Domaine,1
motivant,1
tech,1
"management,",1
product,1
externes),1
accélérateur,1
(internes,1
+600,1
organisation,1
rythment,1
proactivité,1
"agiles,",1
hôtels.Méthodes,1
+5000,1
+100,1
différentes,1
d'un,1
Chief,1
Officer.Notre,1
organisées,1
pers,1
150,1
env.,1
transformation/mise,1
massif),1
(passage,1
modernisation,1
pleine,1
"post-COVID,",1
redémarrage,1
usages.,1
servant,1
Métiers,1
"Direction,",1
Hotels,1
l'entreprise,1
fournir,1
première,1
"différenciantes,",1
augmentée,1
indéterminée,1
secteur,1
infinies,1
possibilités,1
s'engager,1
prêts,1
"solutions,",1
110,1
marques,1
écosystème,1
l’hospitalité.,1
"hôtelier,",1
d’hospitalité,1
"ACCOR,",1
Bienvenue,1
Moins,1
école,1
année,1
3ème,1
5,1
Bac,1
d'études,1
l'avenir.,1
façon,1
"vivre,",1
"travailler,",1
concept,1
hub,1
"FACTORY,",1
?Rejoignez,1
transformations,1
acteur,1
d’être,1
Envie,1
https://group.accor.com/,1
ambitions,1
"culture,",1
commun.Découvrez,1
évoluer,1
jamais,1
veillons,1
"engagé,",1
personnalisée.Groupe,1
activité,1
divertir,1
Tribu/Squad,1
Chapter,1
inspiré,1
"(TDD,",1
(usine,1
transverses,1
chantiers,1
l'équipeContribuer,1
survenant,1
anomalies,1
incidents,1
"etc.)Détecter,",1
"commentaires,",1
code,1
modèle,1
"""Cloud-Native""Assurer",1
gestion,1
":Concevoir,",1
données.Au,1
qualité,1
volumétrie,1
liés,1
défis,1
"développées,",1
"logicielle-CI/CD,",1
"supervision,",1
"catalogue,",1
etc.)Comprendre,1
etc.)Sensibiliser,1
"code,",1
capitalisation,1
"pratiques,",1
(diffusion,1
"Tech""",1
"""Data",1
communauté,1
l'animation,1
etc.)Participer,1
"(disponibilité,",1
cadrage,1
Produit,1
ManagersAccompagner,1
l'aide,1
cohérence,1
manipuléesAssurer,1
surtout,1
finalité,1
assurant,1
participant,1
"d'approvisionnement,",1
recrutons,1
Aperçu,1
quotidien.,1
motivent,1
d'Accor,1
hotellière,1
caractéristique,1
"""service""",1
sens,1
d'innovation,1
l'esprit,1
"écosystème,",1
cet,1
durée.La,1
"""Produit""",1
"""Tech""",1
double,1
inscrire,1
accompagnons,1
Spotify,1
"Engineering,",1
Senior,1
chaînes,1
briques,1
clé,1
l'acteur,1
"Lead"".",1
"""Tech",1
directe,1
"etc.),",1
"master,",1
scrum,1
"analyst,",1
"(PO,",1
maximum,1
dizaine,1
d'une,1
Team,1
Feature,1
intégrez,1
"Data"".Au",1
"""Welcome",1
fournis,1
;),1
durée,1
fonctionnementDévelopper,1
Scientist,1
maintient,1
"ans,",1
65,1
longévité,1
75,1
85,1
"année,",1
Chaque,1
"d’avions,",1
sportifs…),1
internetSuivi,1
coachs,1
social,1
réseau,1
"co-working,",1
(espaces,1
évolutif,1
agréable,1
l’entrepriseEnvironnement,1
consultant,1
position,1
"Science,",1
créant,1
prédiction,1
personnelAnticiper,1
plannings,1
meilleurs,1
d’avionsDéterminer,1
prix,1
terminalOptimiser,1
flux,1
volsPrévoir,1
retard,1
Prédire,1
etc.,1
revenue,1
"opérations,",1
"vols,",1
"aéronautique,",1
"navigants,",1
compagnie,1
disposition,1
d’optimisation,1
chaque,1
téléphone,1
rapidement,1
"conception,",1
Bac+5,1
"projet,",1
"Recette,",1
projet,1
traitements10%,1
suivi,1
sécurisation,1
"production,",1
développement30%,1
Data30%,1
RTTForfait,1
d’expertise,1
30%,1
missions:,1
Répartitions,1
transférer,1
maintenirDocumenter,1
"traitements,",1
recetter,1
"équipe,",1
(diplôme,1
d’ingénieur,1
équivalent,1
"universitaire),",1
Swile12,1
repas,1
NavigoCarte,1
Pass,1
intégral,1
ITRemboursement,1
investissement,1
Primes,1
l’organisation,1
Sens,1
d’équipe,1
synthèseEsprit,1
analytique,1
imposéesEsprit,1
règles,1
proposition,1
Force,1
similaire.,1
significative,1
pannes,1
prédictiveOptimiser,1
vols,1
"ambitieux(se),",1
motivation,1
animée,1
"dynamique,",1
Innovation.Une,1
Tech,1
internes,1
industriel,1
l’opportunité,1
brillant(e),1
"passionné(e),",1
constitués,1
API),1
REST,1
"Docker,",1
"(Kubernetes,",1
CI/CD,1
"MLOps,",1
notions,1
SparkVous,1
"Tensorflow,",1
bienveillanceTélétravail,1
(2,1
semaine)Des,1
(à,1
On,1
réseau.,1
jeunes,1
autres,1
liens,1
tisser,1
participer,1
navigant…),1
échanges,1
"d’aéroport,",1
pistes,1
"contrôle,",1
(visite,1
découvrir,1
permet,1
"NextGen,",1
cursus,1
d’ancienneté)Vous,1
mois,1
"scikit-learn,",1
librairies,1
l’expérience,1
auprès,1
d’outils,1
"développement,",1
Contribuer,1
projets.,1
accompagner,1
former,1
là,1
d’experts,1
"performant,",1
évoluerez,1
futur.,1
l’élaboration,1
travaillent,1
Ils,1
complémentaires.,1
académiques,1
"optimisation,",1
d’ingénieurs,1
scientists,1
Présenter,1
Organiser,1
Petit,1
retours,1
Français,1
couramment,1
parlez,1
communicationVous,1
équipeVous,1
"curieux(se),",1
"rigoureux(se),",1
PythonVous,1
learningVous,1
équivalentVous,1
"Opérationnelle,",1
"appliquées,",1
Mathématiques,1
"informatiques,",1
Doctorat,1
Compétences,1
modèles,1
l'amélioration,1
préconisées,1
handicap.,1
